329.786,391.85806,348.98267,394.1234
335.29623,412.18784,352.73785,385.8118
355.80435,401.36993,341.22696,384.3053
351.31717,391.0174,348.1229,373.9281
349.84024,384.70767,345.9274,373.6866
355.24646,387.73035,346.57062,372.8857
363.2306,378.28494,342.481,368.55127
363.5937,373.05283,341.78766,366.0699
345.71594,386.4819,340.87787,369.31302
360.53632,380.1877,339.33713,396.03165
359.6694,378.5037,340.85306,386.81036
378.03268,381.8631,342.47076,383.0509
377.1507,402.52536,347.43738,390.45294
372.8076,411.14227,373.19006,397.46545
370.58926,413.96243,369.07578,407.34302
369.64886,387.9625,372.55344,413.91727
401.33154,379.44266,358.30206,400.22864
390.75937,392.8167,362.99152,379.9023
384.17325,395.7957,356.00793,391.06613
377.32803,375.8441,348.87717,388.57
430.74155,376.68402,345.32703,383.19348
421.14645,388.3647,336.92227,366.38904
411.21765,375.7556,335.83832,381.87982
403.36337,373.92422,332.79382,373.3753
397.44272,377.64377,321.21597,371.43732
383.4869,387.8098,336.33066,369.5592
388.81094,388.95636,349.031,368.26123
383.96295,384.4659,354.98425,370.17715
345.19553,380.16306,360.8195,363.6348
331.88803,368.2186,351.3086,347.33936
348.58975,343.33426,353.63144,344.51852
336.41486,361.43518,372.1857,384.5428
323.35513,368.93143,372.6432,389.748
320.0268,374.54086,369.74213,382.22855
332.5293,378.02954,359.7641,376.07986
338.8742,382.15005,363.65952,370.00464
341.4222,380.96323,367.82047,366.1377
336.64493,381.37082,368.60956,361.32242
335.2705,381.26053,359.8355,365.697
330.9243,387.6194,360.0088,370.13474
312.3711,381.44104,369.046,382.86664
312.80502,381.98138,388.59024,384.53516
314.39417,357.38608,395.3671,380.62494
318.98245,356.4706,395.3716,380.2301
323.53934,353.45245,393.5496,377.90103
329.63095,367.71124,388.1953,381.83282
319.73572,377.93356,384.76096,394.29663
321.47586,380.96707,347.6465,390.19476
327.0109,380.89337,357.879,385.55054
340.4337,372.43872,363.445,385.59354
436.3531,380.0787,351.38495,383.70135
414.9921,388.1945,345.84055,383.23352
394.80054,387.26733,344.64954,383.55154
385.47064,388.2519,343.9747,384.54202
376.8431,388.52936,334.48807,398.39255
371.2668,386.40002,330.25314,398.15656
372.07123,374.74786,330.1411,404.65002
367.3913,372.68503,333.43106,404.79047
375.71915,372.45422,336.50473,398.94867
364.80023,381.8359,340.67917,395.2905
357.73145,377.54123,349.22897,389.70602
353.27924,384.7523,367.10043,372.09933
387.9602,392.76407,343.9782,372.60437
360.74368,387.71463,326.65543,381.4922
369.41446,395.01117,308.14487,370.86765
369.79507,409.1846,303.58383,366.93976
399.8879,415.70218,293.4734,394.62503
410.5939,409.86417,317.5991,391.24802
411.61157,391.9663,287.7658,398.90158
402.71222,380.98083,309.07077,393.0314
386.30783,377.22375,323.74524,392.73282
364.94003,380.48026,304.25296,392.37225
332.82138,396.66974,324.97177,386.51303
325.03128,400.49634,351.92896,388.18723
346.48163,401.67563,407.11185,389.08112
350.23172,403.44144,405.4026,397.74475
353.4848,400.52234,384.08075,397.06656
325.49545,402.25098,363.20746,374.29782
348.09097,389.87418,360.755,381.54074
341.03955,394.67825,367.16617,385.788
340.03973,400.7304,367.32523,408.06656
340.59528,400.14294,373.32736,399.64825
341.47464,397.68964,377.33875,389.4264
344.19186,397.9286,379.9321,381.93085
351.62515,395.7182,379.43732,380.72968
347.29102,381.65002,377.89798,380.16153
342.4265,377.06723,375.5073,379.0547
341.93225,375.66138,374.16208,383.30814
341.67737,376.897,393.9064,387.45166
324.52948,377.41846,390.84277,388.46387
316.0084,385.234,387.9788,391.67477
314.26874,380.27487,387.04718,393.75046
312.39453,373.13412,377.24182,388.71567
339.67358,365.01938,363.3264,404.50842
356.92044,375.8693,319.875,411.89874
391.87595,383.5862,319.57175,413.9199
394.72577,375.66437,324.778,416.78143
393.36353,378.72952,327.64774,387.84436
355.5314,378.54556,360.81393,381.56033
354.77603,385.2162,356.40225,386.7101
361.85382,390.31104,374.58337,390.6929
378.61407,389.43774,371.4293,388.8974
363.8049,428.34113,397.5491,394.65994
369.70752,393.5778,392.0402,392.89426
342.62088,412.5351,371.86343,390.25662
343.88004,395.54242,359.47382,384.304
346.22897,393.15213,350.64172,375.68372
344.37906,399.5772,397.43518,381.52518
360.02753,400.1358,374.27142,397.14603
358.46027,382.03506,364.69943,395.38684
357.63403,386.43118,358.82678,395.19305
322.9146,389.95822,350.88303,399.37454
319.34238,380.16547,340.14383,408.3846
338.29678,387.458,332.4912,412.11316
345.39243,389.93063,332.98227,408.95798
377.52216,366.6115,329.1796,406.03763
369.96194,375.26028,318.11765,424.3287
365.54263,381.7621,302.59155,416.71826
393.31485,364.6878,318.8488,411.06125
386.12567,370.49863,325.7568,409.11823
385.349,368.67676,317.66092,410.34427
383.468,360.60593,334.96747,404.89746
347.53915,384.61038,354.87143,365.85895
333.35504,388.18378,359.06146,370.441
316.73575,409.47784,365.98386,376.26758
319.40472,398.30362,357.48624,383.07236
315.6777,372.84033,344.6465,388.59235
309.28024,392.04376,379.40286,392.22604
313.5778,393.72134,376.15787,392.9913
413.81445,406.58295,370.19675,398.03943
418.4005,431.9736,356.88507,394.19315
451.1738,413.937,362.93057,409.0762
450.06363,415.9696,361.37857,402.6376
445.07214,402.12384,361.79346,403.688
433.4339,386.39493,353.72382,394.3433
434.41852,389.87668,327.11594,387.62573
457.92212,387.65982,326.93863,385.00632
448.9722,395.31067,324.7604,387.19748
447.402,385.59186,319.471,355.9098
459.66284,372.86844,343.21255,349.07843
445.32196,379.79425,331.78595,344.05933
423.63034,390.44913,334.0137,346.2654
428.9376,384.48135,332.374,378.41385
407.3974,384.59576,295.08524,392.88583
356.1012,400.00574,322.29514,395.84744
369.2945,393.166,347.09937,399.11996
345.30627,400.3213,351.72076,400.25916
351.41724,402.55515,357.97415,397.3752
357.92212,393.06686,343.05273,388.0316
362.64084,390.88712,365.0038,399.30322
345.85907,406.27173,343.07474,399.45108
334.90396,369.96445,340.3068,394.0993
314.45944,390.32925,350.40714,391.52164
298.73532,365.65274,367.38474,389.3805
328.6889,374.55923,379.5322,389.58667
339.91272,393.06165,371.43976,399.7648
367.98544,388.2929,360.52292,393.8739
357.37445,389.02365,353.99976,392.45685
359.91818,386.14325,361.2076,405.03925
344.47208,393.34927,368.07877,398.88293
345.99127,394.5259,371.64328,402.84924
340.02338,396.7901,344.5805,398.54782
339.0772,397.18652,346.48486,397.4654
345.7536,399.49396,361.9251,396.64325
364.63898,390.9249,373.8024,397.61514
372.8267,372.193,367.2357,401.8812
366.7964,379.08124,352.97333,403.05234
360.88208,393.86642,357.59512,404.28848
365.55936,393.63077,348.99725,389.0254
361.60095,396.8665,389.48312,398.9036
369.84024,400.6523,381.7667,385.78885
361.8833,394.60635,415.54752,399.3329
330.70676,397.54785,341.47125,402.14993
303.05594,400.82217,364.5218,392.46198
297.38538,396.01266,399.51703,398.1618
303.8231,396.01828,403.44547,398.32263
315.80646,387.02536,407.3608,398.68777
324.00522,401.81427,361.98917,400.10284
321.64838,422.52444,349.3277,402.82397
342.06308,389.97983,338.63483,406.8073
348.20917,390.90692,331.90918,406.63055
344.43234,390.21738,321.89734,411.07077
340.74423,391.34473,337.8957,413.19955
344.4397,396.98172,342.72137,408.52185
356.0983,395.3321,344.69553,403.4422
337.9182,399.35388,339.91534,404.35693
341.8144,397.31754,313.57587,405.28897
348.68115,396.91925,323.34235,402.93848
345.4637,391.17755,329.05908,402.50574
345.78854,391.5319,328.9003,404.72842
345.10742,390.2747,327.68744,403.65155
356.48358,395.08334,349.87073,401.80923
373.0329,400.18677,326.51605,399.2673
373.033,400.1868,346.76187,399.36798
373.03287,400.1868,358.0979,399.01355
373.03293,400.18677,364.75357,399.23502
373.03302,400.18677,368.48175,399.6523
373.033,400.18674,370.65228,399.5077
373.03296,400.18677,371.8268,399.57352
373.033,400.1868,372.119,399.7534
373.03296,400.1868,338.06052,399.9582
373.033,400.1868,329.19196,399.71237
373.03293,400.18677,331.23447,399.9262
373.03296,400.1867,331.991,399.8097
373.0329,400.1868,351.1022,399.8835
373.033,400.18677,317.57828,399.37955
373.03302,400.18677,302.59256,399.64822
373.0329,400.18677,296.83655,399.90326
373.03296,400.18677,301.6552,399.88422
373.03296,400.18677,301.23355,400.02908
373.03302,400.18677,304.23413,399.85413
373.03302,400.1868,303.012,399.91238
373.03302,400.18677,309.8831,400.03714
373.03302,400.1868,311.26663,400.03177
373.03287,400.18677,304.97556,400.05508
373.03296,400.1868,297.8361,399.93124
373.03302,400.18677,313.45605,392.08725
373.03293,400.18677,285.66187,395.4982
373.0329,400.18674,292.6615,397.43674
373.033,400.18674,314.30817,394.55902
373.03296,400.1867,292.37625,397.3247
373.03287,400.18677,331.44998,398.70844
373.03293,400.18674,351.75024,399.44458
373.03293,400.1868,362.34674,399.8044
373.03293,400.1868,367.55264,399.88437
373.03302,400.18677,370.19836,391.05615
373.03293,400.18674,371.6143,395.61166
373.0329,400.18677,355.2421,396.8567
373.03296,400.18677,373.033,400.1867
373.03287,400.18677,373.03302,400.1868
363.43884,396.90857,373.03296,400.18674
365.39877,398.48502,357.00766,405.639
318.39322,399.00922,364.3139,402.45862
293.02988,398.8609,336.84988,401.22595
294.47595,399.47754,330.50766,400.4125
299.63782,399.80908,327.62503,400.19315
294.3898,399.99194,322.53748,400.14893
296.9878,399.59528,322.21906,400.16403
302.85446,399.68948,326.0708,399.91516
305.73572,399.8951,329.54016,399.96268
330.06906,399.97736,346.79965,400.01938
338.13113,400.03278,348.9297,400.0912
334.556,400.0035,339.89166,400.0816
318.03925,399.7803,321.89035,400.01337
299.9457,399.95517,314.78284,400.03534
299.9035,400.02896,310.39993,400.10037
301.5449,399.97388,304.7328,400.11978
304.33002,400.0698,303.5574,400.15237
323.1172,399.75064,321.81354,400.11813
316.6275,399.81088,320.58844,400.0982
320.5539,399.9787,320.02405,400.13773
303.78348,399.88943,312.66385,400.11865
319.98795,399.26877,323.34146,399.71893
382.69104,399.47495,336.20352,399.87933
409.76508,399.78766,323.55777,399.7382
380.50067,398.56796,308.45636,399.90396
397.92578,398.93552,302.96875,400.0384
373.03296,400.18674,309.496,400.09213
373.03302,400.18677,310.14746,399.89603
373.0329,400.1867,339.00046,399.8012
373.03305,400.1867,354.8005,399.77432
373.03293,400.18674,325.24542,399.74243
373.03302,400.18674,317.73724,399.69806
373.03296,400.1868,344.71564,399.8265
373.03296,400.18677,331.47702,399.8609
373.0329,400.1868,316.9249,400.01273
373.03296,400.1867,343.92368,399.9017
373.03302,400.18677,358.41647,400.00058
373.03296,400.18677,365.68204,399.98062
373.033,400.18677,369.26254,399.98822
373.03296,400.18677,344.5375,399.98254
373.03302,400.18677,358.18207,400.07846
373.03302,400.18677,332.37738,400.08374
373.033,400.18677,352.37573,400.04852
373.03302,400.18677,362.21295,400.00726
373.03302,400.18677,367.5608,400.06924
373.03302,400.18677,370.20865,400.0814
373.033,400.18677,371.40012,399.9728
373.03296,400.18677,372.1235,400.0172
373.0329,400.1868,372.5655,400.02625
373.03293,400.1868,372.79333,400.09088
373.03296,400.1868,372.81787,400.07663
373.033,400.18677,372.84235,400.08536
373.03296,400.18677,372.9335,400.13257
373.03293,400.18674,372.90042,400.12714
373.03293,400.18677,372.87967,400.09348
373.03302,400.18677,372.84238,400.12204
373.03296,400.18677,342.27628,400.14636
373.03293,400.18677,326.01486,399.93457
373.03296,400.18677,322.0337,400.0516
373.03293,400.18677,346.84576,400.0857
373.03296,400.18677,359.46045,399.9635
373.033,400.18677,364.76117,399.77094
373.03296,400.18677,342.1336,399.9065
373.0329,400.1868,330.58566,399.93768
373.03296,400.18677,314.04935,398.4509
373.033,400.1868,309.33145,397.14972
373.03296,400.18677,339.8945,394.93982
373.03296,400.1868,344.68762,397.47116
380.37146,396.67645,348.0168,450.38455
371.3012,398.08017,344.93103,534.0216
369.66626,398.72885,254.66939,466.88498
368.7561,398.05682,272.34943,432.63107
367.63666,397.533,307.60526,415.43835
373.033,400.18677,343.14667,407.40244
358.39145,402.982,376.16467,402.84436
363.79776,401.43045,404.448,401.2945
360.8901,400.42822,418.506,400.63043
373.03293,400.18674,421.60474,400.13284
373.03293,400.1868,416.90906,400.1522
373.033,400.18677,408.59274,399.88794
373.033,400.1868,396.65054,399.99493
373.033,400.1868,385.38037,399.995
373.0329,400.18674,371.73502,400.07574
372.1886,398.6072,358.1425,400.29645
370.62827,398.22867,356.56082,398.04437
370.22748,398.21274,343.28946,398.0911
371.55423,398.75153,332.03195,398.80594
369.69775,396.26553,320.88818,398.7476
369.32333,396.80035,316.04996,398.6734
368.23764,398.0771,324.72278,398.15884
369.87338,381.77316,337.4407,398.1288
368.7653,374.74634,347.60132,397.31772
366.02286,371.347,368.40158,396.69284
335.52603,376.04974,433.75357,394.99854
314.86472,387.43414,449.56497,397.48135
311.78217,393.64908,421.68076,399.43442
340.19705,396.49893,425.22867,398.99966
372.13962,398.0991,427.16357,399.38412
386.93567,399.0945,422.4936,399.5263
388.35483,399.57047,413.52786,399.8012
386.0945,399.65738,383.60446,399.4159
382.53015,399.88898,378.46606,399.64917
366.49878,399.8158,375.64926,401.10513
357.48804,399.3148,391.40067,399.9598
350.81464,399.05472,398.55594,398.71036
343.06558,399.0858,407.10355,397.8194
328.59717,398.96832,382.25833,397.72534
325.77362,398.52316,366.74496,396.92392
323.67065,398.65527,341.11426,396.88474
319.33868,399.2213,304.6131,397.553
329.41608,398.17914,287.07162,397.91357
335.60953,398.91837,272.8598,398.41635
351.1134,399.39676,282.1998,399.16318
361.61963,398.86655,307.53186,399.6532
367.22406,399.43652,333.20813,399.89996
360.13824,399.8116,365.33942,400.0284
373.03293,400.18677,387.19116,399.9765
373.03296,400.18677,380.0599,399.9825
373.03296,400.1867,376.4679,400.03632
373.03296,400.1868,363.9374,399.88153
373.03296,400.18677,366.0469,399.03464
377.54614,409.74677,369.52695,397.85947
358.92178,409.61642,370.7314,400.07208
365.63516,388.76917,364.04288,379.44492
364.26108,391.82,367.1162,387.08865
368.32492,395.04022,370.05045,393.59753
373.03293,400.1868,371.52753,396.04596
373.03296,400.18677,365.13928,378.48172
373.03296,400.1868,270.28528,354.69382
373.03296,400.18677,317.97488,287.8728
302.79138,370.93222,344.98993,245.69452
261.79373,372.102,311.45874,290.6541
303.0568,383.0474,360.7788,344.5665
332.37173,390.29144,411.42224,372.09238
351.53955,393.81915,390.78406,385.7547
362.2337,396.17368,381.7381,392.8391
367.6013,398.01794,443.1184,396.45044
369.5769,398.93307,406.29013,394.2392
358.95892,399.5112,373.1315,387.75772
373.03296,400.18674,232.01048,355.24783
373.033,400.18677,298.50482,254.07068
361.64383,389.20444,373.033,400.18674
363.9709,393.63782,373.03302,400.18677
367.0818,395.95068,373.0329,400.1868
368.16125,395.9812,373.03293,400.18677
373.03296,400.18674,373.03302,400.1867
373.03296,400.18677,373.03296,400.18677
351.00574,382.9018,373.0329,400.18677
373.03293,400.18677,373.03296,400.18683
373.03296,400.18674,373.033,400.18677
362.7822,362.6042,373.03296,400.18677
373.03293,400.18677,373.0329,400.1868
373.033,400.1868,373.03296,400.18677
373.03296,400.18677,373.03296,400.18677
373.03296,400.18677,373.03296,400.18674
373.033,400.1868,373.03296,400.18677
373.03293,400.18677,373.03296,400.18674
373.033,400.18677,373.03296,400.18677
373.033,400.18677,373.033,400.18677
373.03296,400.18674,373.03296,400.18677
373.03296,400.18677,373.03296,400.18677
373.03296,400.1867,373.03296,400.18677
373.03296,400.18677,373.03302,400.1868
373.033,400.18677,373.03296,400.18677
373.03296,400.18677,373.03296,400.1868
373.03293,400.18677,373.03302,400.18677
373.03296,400.1868,373.03296,400.1868
373.03296,400.1868,373.03293,400.18674
373.03302,400.18677,373.03293,400.1868
373.03296,400.1867,373.0329,400.1868
373.03296,400.18674,373.03302,400.18677
373.03296,400.18677,373.03302,400.1868
373.03302,400.1868,373.03302,400.1868
373.033,400.18677,373.033,400.18677
373.0329,400.18677,373.033,400.18677
373.033,400.18677,373.033,400.18677
373.03293,400.18677,373.033,400.1867
373.03293,400.18674,373.03293,400.18677
373.03296,400.1868,373.03296,400.18674
373.03302,400.18677,373.03296,400.18674
373.03293,400.1868,373.0329,400.18677
373.03293,400.18677,373.03296,400.18677
373.0329,400.18677,373.03296,400.1868
373.03296,400.1868,373.03296,400.18677
373.03296,400.18674,373.0329,400.18677
373.03293,400.18677,373.03296,400.18677
373.03305,400.18677,373.03296,400.18677
373.03293,400.18677,373.03296,400.18677
373.03302,400.18674,373.03296,400.18674
373.03296,400.18674,373.03296,400.18677
373.03293,400.1868,373.03296,400.18677
373.03302,400.18677,373.03293,400.18677
373.033,400.18677,373.03293,400.18677
373.03296,400.18674,373.03296,400.18677
373.03296,400.18677,373.03296,400.18677
373.03287,400.18677,373.03296,400.18677
373.03296,400.18677,373.03296,400.18677
373.033,400.1868,373.03293,400.18677
373.03296,400.18674,373.033,400.18677
373.03296,400.18674,373.03293,400.18677
373.03293,400.1868,373.033,400.18677
373.03296,400.18677,373.03296,400.18677
373.03296,400.18677,373.03293,400.18677
373.03296,400.18677,373.03296,400.18677
373.03302,400.18677,373.03296,400.18677
373.03302,400.1868,373.03296,400.18677
373.03293,400.18677,373.03296,400.18677
373.03293,400.18677,373.03293,400.18677
373.0329,400.18677,373.03296,400.18677
373.03296,400.1868,373.033,400.18677
295.8189,415.7636,373.03296,400.18677
373.033,400.18677,373.03296,400.18677
373.033,400.18677,373.033,400.18677
373.033,400.1868,373.03296,400.18677
373.03296,400.18677,373.03296,400.18677
373.03296,400.18677,373.03296,400.18677
256.4684,431.29446,373.03296,400.18677
373.03296,400.18677,373.03296,400.18677
373.03296,400.1868,373.03296,400.18677
373.03296,400.18677,373.03296,400.18677
359.3472,412.893,331.07443,355.1744
365.1451,493.4809,373.03296,400.18677
373.03296,400.18677,353.4727,379.20285
373.03296,400.18677,371.6207,398.6718
364.1725,484.93436,373.03296,400.1868
364.05542,440.61087,387.87616,416.1105
366.69226,419.30078,404.65857,434.1145
368.95258,409.06424,417.02142,447.37723
370.26675,404.3943,373.03296,400.1868
370.9014,401.9246,373.03296,400.1868
373.03296,400.18677,373.03296,400.18677
373.033,400.18677,373.03296,400.18677
373.03296,400.18677,373.03296,400.18677
373.03296,400.18677,373.033,400.18677
373.033,400.18677,440.34903,472.40295
373.03296,400.18677,452.65356,485.60306
373.033,400.1868,460.40018,493.9137
373.03296,400.18677,466.35876,500.30606
373.03296,400.18677,463.75748,497.5153
373.03296,400.18677,470.99005,505.27444
373.03296,400.18677,473.9299,508.42834
373.03296,400.18677,478.46637,513.2949
428.4386,479.1726,484.58148,519.8551
462.9962,506.793,486.4407,521.8498
485.8581,527.0808,487.4765,522.96094
501.0874,541.0059,487.09933,522.55634
513.6744,553.0291,373.03296,400.18677
516.719,555.3807,486.18594,521.5764
524.16833,562.85535,373.03296,400.1868
523.081,561.4136,373.033,400.1868
415.0421,392.45795,412.5287,442.55737
380.74323,402.89526,388.42572,406.36884
375.453,395.96063,319.27032,399.43906
323.4354,394.61172,345.87115,399.67798
364.23935,373.52103,359.4211,399.53088
304.8616,385.93283,365.1354,399.5801
216.71542,437.29437,369.08096,399.18094
157.5998,465.76755,370.87274,401.00348
373.03296,400.1868,316.98395,400.32584
373.03296,400.1868,285.01575,398.17432
373.03296,400.1868,246.6716,399.12744
373.033,400.18677,306.7449,397.21115
373.03296,400.18677,335.548,393.4495
231.55214,413.73712,234.5584,387.5735
302.22055,375.90964,220.08273,397.724
373.03296,400.1868,241.88953,396.7125
354.90152,376.64752,239.19319,397.77945
363.78204,386.98953,238.07802,398.09213
373.03296,400.18677,250.8943,397.97015
373.03296,400.18677,249.31517,400.09998
373.03296,400.1868,264.93372,399.25687
370.65485,396.74515,245.73453,412.17062
370.74518,398.09705,271.88168,405.44745
370.8522,399.04187,304.76035,398.5736
373.03296,400.18677,229.2585,441.66992
368.24313,397.1326,168.59427,479.89255
366.6182,442.86804,118.54281,513.7401
358.40265,420.61887,373.033,400.1868
358.37576,409.87894,373.03296,400.1868
348.16312,432.14166,373.03302,400.18674
359.41568,395.08646,373.03302,400.18677
332.47842,436.19266,219.74417,480.34863
391.56448,321.10178,295.6343,380.73468
300.45642,358.97522,333.9029,379.38028
262.4197,378.95013,352.5749,388.81226
254.33105,389.42947,361.43765,387.2416
247.32843,393.01407,366.9746,390.77554
232.38159,395.13593,369.693,394.62326
228.04819,397.20932,373.0329,400.18677
225.0377,402.15533,373.0329,400.1868
240.29967,464.6784,373.033,400.18677
310.98486,437.12027,373.03302,400.1867
367.81015,436.25272,372.0067,391.47794
424.37225,394.36734,372.3684,395.4665
414.3975,370.72824,373.0329,400.18677
361.90457,385.14407,373.03302,400.18674
352.84802,390.9297,373.033,400.18677
347.55048,393.34067,373.03296,400.1867
346.02814,395.6921,373.03293,400.18677
347.54605,396.5342,373.03296,400.18677
356.71878,452.78116,368.8976,461.43713
351.0044,441.03735,373.03296,400.1868
381.81805,419.15677,377.19034,459.53198
398.69904,408.73715,425.45825,417.9578
412.26733,404.41843,407.1573,419.6111
437.0158,414.17133,373.03287,400.1868
481.45297,391.3727,373.033,400.1868
491.67593,399.47177,373.03293,400.1868
493.0909,399.00122,373.03305,400.18674
490.23804,403.2985,373.03293,400.1868
492.698,389.87555,373.03287,400.18674
478.5664,404.56744,373.033,400.18674
504.331,362.577,369.0605,404.40833
452.7883,386.18494,373.03287,400.1868
449.1778,396.97665,357.4189,400.1602
443.42108,383.8403,360.88516,391.1642
423.5358,399.42197,366.5797,405.70358
463.6568,395.4643,373.03305,400.18677
491.67905,383.31436,370.4701,445.76685
459.4736,399.25302,373.0329,400.1867
415.22513,476.59735,373.033,400.18674
386.092,449.3895,348.20026,422.8711
359.47818,422.41837,336.25345,397.90598
365.1841,406.3588,373.03296,400.18677
357.5785,400.969,396.113,397.76157
344.08508,400.13446,410.5116,398.52936
348.71158,399.7245,410.95203,399.33722
335.3933,399.75455,405.08563,399.72952
325.20673,399.7916,400.05078,399.63123
346.18265,398.2804,386.22525,399.55692
345.88565,399.13443,381.59396,399.86935
341.19986,399.45328,374.96075,399.6133
331.84662,399.78622,383.0617,399.4143
334.97852,399.67767,390.51117,399.14526
433.3226,377.54013,421.03537,398.53696
363.45493,380.39246,441.36203,398.6271
366.8755,405.5118,456.31546,398.97397
378.38232,402.52237,469.04916,399.45496
465.4437,387.04898,420.63412,450.13705
508.46207,390.52524,373.03293,400.1868
352.54462,363.41302,373.033,400.18674
278.25906,328.8851,373.03296,400.18677
325.32172,361.59518,321.2446,412.33868
346.32626,379.05527,244.21864,404.28116
357.2653,387.85812,213.67285,401.8873
364.4664,391.34964,289.2644,400.89423
373.03293,400.1867,331.06378,400.3816
373.03287,400.18677,353.02798,398.7562
373.03296,400.18674,360.53122,397.2992
373.0329,400.1868,365.14407,397.79153
373.033,400.1868,368.919,398.60995
373.03302,400.18677,353.39267,399.3215
373.03296,400.18677,356.15494,399.4059
373.03296,400.18674,356.2862,399.69012
373.03302,400.18677,364.4582,399.85574
373.03296,400.18677,340.26602,399.86044
373.03296,400.1868,346.90356,399.84286
373.03296,400.18674,356.63904,399.80505
373.03296,400.18674,356.96088,399.90628
373.03293,400.18674,367.8555,399.6531
373.033,400.18677,364.22168,395.6823
373.03296,400.1867,343.40762,397.64276
373.03296,400.18674,357.41028,398.0502
373.03293,400.18674,375.35455,398.91245
373.03293,400.1868,360.38852,399.1307
373.03296,400.1868,351.24332,399.63916
373.03293,400.18674,348.28925,399.90384
373.033,400.18677,349.3065,400.03497
373.03296,400.18674,355.76212,400.09305
373.03296,400.18677,355.22787,400.13406
373.03302,400.18677,349.71164,400.02948
373.03296,400.18677,361.29233,399.83292
373.03296,400.18677,360.8363,399.94583
373.03296,400.18674,374.14203,399.9725
373.03296,400.18677,353.29123,399.43665
373.03293,400.18677,351.1109,399.80304
373.03296,400.18677,357.1975,399.70377
373.03296,400.18677,408.40833,399.29172
361.64554,395.34488,373.033,400.1867
351.9098,394.74652,373.03293,400.18677
373.03296,400.18674,373.03302,400.1868
357.1632,395.9207,373.0329,400.1868
373.03296,400.18677,381.69366,395.26028
373.03296,400.18677,373.59048,397.54846
370.04327,397.6881,372.7303,398.8443
371.51364,398.89285,372.5738,399.49252
372.04053,398.8427,372.68918,399.76062
372.44846,399.45972,372.83597,399.93365
372.37225,399.74808,372.9157,400.05704
372.6653,399.94278,372.91418,400.03012
369.85046,398.56497,372.9268,400.08664
373.03293,400.18677,372.95535,400.1363
373.033,400.18677,349.70422,399.93155
373.03296,400.1867,329.3548,399.98062
373.03296,400.18677,328.00092,399.5506
373.0329,400.1868,332.79117,399.73407
373.03296,400.18677,342.75024,399.63275
373.03296,400.18677,336.676,399.81625
373.03296,400.1868,331.39108,399.89246
373.03302,400.18677,346.32324,399.52914
373.03293,400.1868,409.99008,399.1617
373.03296,400.18677,446.43793,399.4855
373.03296,400.18674,464.3728,399.70737
368.417,395.64435,373.03302,400.1868
370.70288,397.5897,373.03296,400.1868
370.11545,398.8182,373.03287,400.18677
379.1636,398.0958,373.03296,400.18674
373.0329,400.1867,373.03293,400.1868
373.79453,394.9557,373.0329,400.18677
362.94107,396.6226,373.03296,400.18674
364.66232,396.77374,373.03296,400.18677
358.0674,397.74817,373.03293,400.1868
373.22812,398.60574,373.03296,400.18677
368.4173,397.4142,373.03296,400.1868
359.53574,398.54974,373.033,400.18677
360.89243,398.69867,373.03296,400.18674
383.92154,398.511,373.033,400.18677
376.0942,451.43356,373.0329,400.1868
361.80035,423.56735,373.03302,400.18677
368.54898,409.02133,373.03296,400.18677
365.33856,462.35553,373.03296,400.1868
358.7169,428.24057,373.03296,400.18677
373.03296,400.18677,408.48413,392.44147
365.65988,406.5402,388.30908,396.03568
368.93448,403.34735,378.27148,397.87726
370.8755,401.73007,375.40582,398.82083
317.22058,400.7625,374.01282,399.42215
296.4083,400.08704,373.36426,399.48636
283.98648,400.04117,373.1688,399.73193
283.18857,400.074,372.82782,399.9414
274.88718,399.81943,369.3843,400.026
263.5369,399.97617,385.3162,399.7001
266.67572,399.85016,429.3831,399.69366
267.50775,400.0128,373.03293,400.18677
283.6359,399.80063,373.033,400.18677
322.13077,399.91562,373.0329,400.1868
351.39798,399.8475,373.03293,400.18674
356.20038,396.74704,373.03296,400.18677
362.68604,396.37302,373.03296,400.1868
362.12067,454.28665,373.03296,400.1868
356.53058,425.94843,373.03296,400.1867
354.69885,411.72543,373.03296,400.1868
373.033,400.18677,373.03293,400.18677
359.40057,404.26337,373.033,400.1868
365.06494,401.90234,373.03296,400.1868
365.8842,398.31146,373.03296,400.18677
360.8347,398.8143,373.03296,400.18677
363.20056,397.5556,373.03293,400.1867
356.45746,397.81705,373.033,400.1868
361.20117,397.59338,373.03293,400.1868
356.3928,397.11188,373.03296,400.1868
361.62726,396.7535,373.03302,400.1868
366.02045,397.83264,373.03293,400.18677
362.93814,398.44913,373.03296,400.18677
363.50555,397.63913,373.0329,400.18677
353.5496,397.8364,373.03296,400.1868
369.71075,397.94458,373.03296,400.18683
365.93033,395.60992,373.03296,400.18677
352.47495,397.78046,373.03302,400.18674
356.55835,398.6426,373.033,400.18674
358.95847,398.07617,373.03296,400.18674
347.32672,398.2855,373.03293,400.18677
364.49292,397.31973,373.033,400.18677
352.43698,450.45944,373.03296,400.1868
373.03302,400.18674,373.03296,400.18677
353.03992,422.17828,373.03296,400.1868
364.67325,409.1103,373.03296,400.18677
363.6662,403.11365,373.03296,400.18677
367.6336,400.8268,373.03296,400.18677
358.42395,398.51794,373.03296,400.18677
379.31958,397.5529,373.03296,400.1868
370.46457,396.82156,373.03296,400.18677
367.3984,397.1112,373.03296,400.18677
367.26425,396.50693,373.03302,400.18674
373.03293,400.1868,390.23914,395.75388
369.24136,398.3854,373.70862,397.8152
369.34583,397.8037,371.49432,398.88712
373.03296,400.1868,372.24017,399.52325
373.03296,400.18674,341.31674,399.32233
373.033,400.1867,355.48212,399.6376
373.0329,400.18674,351.9248,399.77274
373.03293,400.18677,353.51996,399.91772
373.03296,400.1868,352.43222,400.03046
373.0329,400.1868,351.54904,400.1037
373.03296,400.1868,344.82373,400.07446
